{"cameraMode":{"drawMode":0,"name":"Shaded","section":"Shading Mode"},"sceneLighting":true,"audioPlay":false,"sceneViewState":{"m_AlwaysRefresh":true,"showFog":false,"showSkybox":true,"showFlares":true,"showImageEffects":true,"showParticleSystems":true,"showVisualEffectGraphs":true,"m_FxEnabled":true},"in2DMode":false,"pivot":{"x":0.2562794089317322,"y":-0.8022756576538086,"z":-0.26549434661865237},"rotation":{"x":-0.00012070859520463273,"y":0.9949229955673218,"z":-0.10063906013965607,"w":-0.0011928939493373037},"size":6.214303970336914,"orthographic":false}